<?xml version="1.0" encoding="UTF-8"?>

<?xml-model href="xmlid-example.rnc" type="application/relax-ng-compact-syntax"?>
<recipe>
        
    <title>Shrewsberry (Shrewsbury) Cakes Recipe</title>
    
    <about>
         <subtitle>About this recipe</subtitle>
         <health healthquant="2" healthvotes="235">Healthiness: (235 votes)</health>
         <diff diffquant="2">Difficulty:  2 out of 5 difficulty</diff>
         <link linktype="modern">View a modern version of this recipe</link>
    </about>
    
    <p type="history"><bg xml:id="shrsbryCake">Shrewsberry/Shrewsbury cakes are a kind of biscuit</bg>. They are less crumbly than a shortbread but have a buttery flavour. Sweet foods like biscuits were popular with the Georgians and were easier to make because of the the increased <bg xml:id="bgSugar">importing of sugar from the sugar plantations in the Caribbean</bg>. They were made to accompany many dishes but were popular with syllabub, which is a <bg xml:id="bgSyllabub">sugared, whipped cream, flavoured with cider or sherry</bg>. Sugar was an <bg xml:id="bgSugarTrade">important trade item and refined (white) sugar was very fashionable</bg>.</p>
    
    <p>This recipe uses <bgRef ref="#bgSugarTrade">white sugar</bgRef>, which would have been pinched off a sugarloaf and then ground (beaten) until fine enough to use in the recipe.</p>
    
    <p>Traditionally they are baked as thick, large biscuits and were able to be kept for long periods of time.</p>
    
    <p>This recipe comes from 'A Delightful Daily Exercise for Ladies and Gentlewomen' 
    
        <blockQuote>"Take a quart of very fine <oldSp modern="flour">flouwer</oldSp>, eight onces of fine sugar beaten and cersed, twelve ounces sweet butter, nutmeg grated, <oldSp>damaske</oldSp> rosewater- work together with your hands for <oldSp modern="half">halfe</oldSp> an <oldSp modern="hour">houre</oldSp>, then <oldSp modern="roll">roule</oldSp> in little round cakes about the thickness of three shillings, then take a glasse and cut the cakes, then <oldSp modern="strew">strow</oldSp> some <oldSp modern="flour">flower</oldSp> on white papers and bake them in an oven as <oldSp modern="hot">hotte</oldSp> as for manchet. If the oven be not <oldSp modern="hot">hotte</oldSp> <oldSp modern="set">sett</oldSp> your lid <oldSp modern="down">downe</oldSp> ( there is a long explanantion for testing/changing the heat in the  period oven which i have omitted)  until they be baked enough, for they must lokke <oldSp modern="brown">browne</oldSp> not white. you may keep them <oldSp modern="half">halfe</oldSp> a <oldSp modern="year">yeare</oldSp> but new baked are best."</blockQuote></p>
    
    <pict>For images of the cooking process see our <link linktype="pict">Shrewsbury Cakes Pictures</link>.</pict>
    
    <credit>With thanks to Ian Pycroft of <link linktype="historical">Black Knight Historical</link> and to <link linktype="museum">The Georgian House, Bristol</link>.</credit>
    
    <recList type="ingreds">
        <subtitle>Ingredients</subtitle>
        <item xml:id="whFlour" qual="dry" quant="4" unit="oz">4 oz plain white flour</item>
        <item xml:id="casSugar" qual="dry" quant="4" unit="oz">4 oz white, <bgRef ref="#bgSugar">caster sugar</bgRef></item>
        <item xml:id="sButter" qual="wet" quant="4" unit="oz">4 oz salted butter (very soft, works best)</item>
        <item xml:id="nutmeg" qual="dry" quant=".25" unit="#tsp">1/4 teaspoon of grated (or ground) nutmeg</item>
        <item xml:id="rsWater" qual="wet" range="2 3" unit="#tsp">2-3 teaspoon rosewater</item>
        <item xml:id="tWater" qual="wet" range="3 5" unit="#tbsp">3-5 tablespoons tapwater (at room temperature)</item>
        <item qual="dry" req="optional">optional: a little <ingred ref="#casSugar">caster sugar</ingred> to sprinkle on the top</item>
        <note>( Note: You may need more <ingred ref="#tWater">water</ingred> to make a stiff dough, it will depend on the flour you use.)</note>
    </recList>
    
    <recList type="equip">
        <subtitle>Equipment</subtitle>
        <item xml:id="weighScl">Weighing scales</item>
        <item xml:id="tsp">Teaspoon</item>
        <item xml:id="tbsp">Tablespoon</item>
        <item req="optional">Grater (optional)</item>
        <item xml:id="mixBowl">Mixing bowl</item>
        <item xml:id="wSpoon">Wooden spoon</item>
        <item xml:id="rollPin">Rolling pin</item>
        <item xml:id="lCutter">Large cutter</item>
        <item xml:id="fork">Fork</item>
        <item xml:id="bakeSheet">Baking sheet</item>
        <item xml:id="coolRack">Cooling rack</item>
    </recList>
    
    <recList type="steps">
        <subtitle>Making and cooking it</subtitle>
        <note>Always wash your hands before preparing food.</note>
        <item xml:id="step1" num="1">Heat the oven with a good fire</item>
        <item xml:id="step2" num="2">Put the <ingred ref="#whFlour">flour</ingred>, <ingred ref="#casSugar">sugar</ingred> and <ingred ref="#sButter">butter</ingred> into a <equip ref="#mixBowl">bowl</equip> and <equip ref="#wSpoon">mix</equip> well with a <equip ref="#fork">fork</equip>. You should end up with fine breadcrumbs. If the <ingred ref="#sButter">butter</ingred> is hard, you will need to rub it in with your fingertips, like making pastry</item>
        <item xml:id="step3" num="3">Add the <ingred ref="rsWater">rosewater</ingred> and enough <ingred ref="#tWater">water</ingred> to make a soft dough</item>
        <item xml:id="step4" num="4">Gather the <step ref="#step3">dough</step> together with your fingers in the <equip ref="#mixBowl">bowl</equip></item>
        <item xml:id="step5" num="5">Kneed lightly</item>
        <item xml:id="step6" num="6"><ingred ref="#whFlour">Flour</ingred> a surface and <equip ref="#rollPin">roll</equip> the dough out to 3 shillings depth</item>
        <item xml:id="step7" num="7">Use a glass to cut the cakes out</item>
        <item xml:id="step8" num="8">Prick the surface of the cakes with a <equip ref="#fork">fork</equip></item>
        <item xml:id="step9" num="9">Space the cakes out on <equip ref="#bakeSheet">paper</equip> and <step ref="#step1">bake</step> until the cakes are golden brown</item>
        <item xml:id="step10" num="10">Serve <equip ref="#coolRack">cold</equip> with <bgRef ref="#bgSyllabub">syllabub</bgRef></item>
    </recList>
        
    <link linktype="print">Shrewsberry (Shrewsbury) Cakes   - print view  Shrewsberry (Shrewsbury) Cakes - print view</link>
    
    <p>If you tried this recipe and liked it, <link linktype="contact">tell us about it</link></p>
</recipe>