<?xml version="1.0" encoding="UTF-8"?>

<recipe name="Shrewsberry (Shrewsbury)Cakes"><title> Shrewsberry Cakes</title>
    
<about>About this recipe
Healthiness : (235 votes) 
Difficulty:  2 out of 5 difficulty
View a modern version of this recipe</about> 

<p type="history">Shrewsberry/Shrewsbury cakes are a kind of biscuit. They are less crumbly than a shortbread but have a buttery flavour. Sweet foods like biscuits were popular with the Georgians and were easier to make because of the the increased importing of sugar from the sugar plantations in the Caribbean.
They were made to accompany many dishes but were popular with syllabub, which is a sugared, whipped cream, flavoured with cider or sherry. Sugar was an important trade item and refined (white) sugar was very fashionable.</p> 

<p>This recipe uses white sugar, which would have been pinched off a sugarloaf and then ground (beaten) until fine enough to use in the recipe.

Traditionally they are baked as thick, large biscuits and were able to be kept for long periods of time. 

This recipe comes from ' A delightful Daily Exercise for Ladies and Gentlewomen' 

<blockQuote>"Take a quart of very fine flouwer, eight onces of fine sugar beaten and cersed, twelve ounces sweet butter, nutmeg grated, damaske rosewater- work together with your hands for halfe an houre, then roule in little round cakes about the thickness of three shillings, then take a glasse and cut the cakes, then strow some flower on white papers and bake them in an oven as hotte as for manchet. If the oven be not hotte sett your lid downe ( there is a long explanantion for testing/changing the heat in the  period oven which i have omitted)  until they be baked enough, for they must lokke browne not white. you may keep them halfe a yeare but new baked are best."</blockQuote></p>


<pics>For images of the cooking process see our Shrewsbury Cakes Pictures.</pics>
 
<credits>With thanks to Ian Pycroft of Black Knight Historical and to The Georgian House, Bristol.</credits>

<list type="ingredients">
    <listName>Ingredients</listName>
<item xml:id="wflour"> 4oz plain white flour</item>
<item type="sweetener"> 4oz white, caster sugar</item>
<item type="dairy" quant="4" unit="oz"> 4oz salted butter (very soft, works best)</item>
<item type="spice" quant=".25" unit="#tsp"> 1/4 teaspoon of grated (or ground) nutmeg</item>
<item type="liquid"> 2-3 teaspoon rosewater</item> 
<item type="liquid">3-5 tablespoons tapwater (at room temperature)</item>
<item type="sweetener">optional: a little caster sugar to sprinkle on the top</item>
<item type="additionalInfo">(Note: You may need more water to make a stiff dough, it will depend on the flour you use.)</item>
</list>
    
<list type="equipment">
<listName>Equipment</listName>
<item xml:id="weighscl">Weighing scales</item>
<item xml:id="tsp">Teaspoon</item>
<item xml:id="Tb">Tablespoon</item>
<item xml:id="grater">Grater (optional)</item>
<item xml:id="mxBowl">Mixing bowl</item>
<item>Wooden spoon</item>
<item>Rolling pin</item>
<item>Large cutter</item>
<item>Fork</item>
<item>Baking sheet</item>
<item>Cooling rack</item>
</list>

<list type="Process">
<listName>Making and cooking it</listName>
<item type="step 1">Always wash your hands before preparing food Always wash your hands before preparing food.</item> 
<item type="step 2">Heat the oven with a good fire</item>
<item type="step 3">Put the <ingred ptr="#wflour">flour</ingred>, sugar and butter into a <equip ptr="#mxBowl">bowl</equip> and mix well with a fork. You should end up with fine breadcrumbs. If the butter is hard, you will need to rub it in with your fingertips, like making pastry</item>
<item type="step 4">Add the rosewater and enough water to make a soft dough</item>
<item type="step 5">Gather the dough together with your fingers in the bowl</item>
<item type="step 6">Kneed lightly</item>
<item type="step 7">Flour a surface and roll the dough out to 3 shillings depth</item>
<item type="step 8">Use a glass to cut the cakes out</item>
<item type="step 9">Prick the surface of the cakes with a fork</item>
<item type="step 10">Space the cakes out on paper and bake until the cakes are golden brown</item>
<item type="step 11">Serve cold with syllabub</item>
</list>
    
Shrewsberry (Shrewsbury) Cakes   - print view  Shrewsberry (Shrewsbury) Cakes - print view 

If you tried this recipe and liked it, tell us about it </recipe>
